<configs>
	<set xpath="/buffs/buff[@name='buffStatusCheck01']">
		<stack_type value="ignore"/>
		<update_rate value="2"/>

		<effect_group>
			<triggered_effect trigger="onSelfBuffStart" action="AddBuff" buff="buffJournalUnlocks"/>
			<triggered_effect trigger="onSelfEnteredGame" action="ModifyCVar" cvar="$infectionMaxDuration" operation="set" value="25200"/> <!-- in seconds -->
			<triggered_effect trigger="onSelfEnteredGame" action="ModifyCVar" cvar="$dysenteryMaxDuration" operation="set" value="3600"/> <!-- in seconds -->

			<triggered_effect trigger="onSelfBuffUpdate" action="AddBuff" buff="buffStatusHungry01">
				<requirement name="StatComparePercCurrentToMax" stat="Food" operation="LTE" value=".5"/>
				<requirement name="!HasBuff" buff="buffStatusHungry01"/>
				<requirement name="!HasBuff" buff="buffStatusHungry02"/>
				<requirement name="!HasBuff" buff="buffStatusHungry03"/>
				<requirement name="!HasBuff" buff="buffHealFood"/>
			</triggered_effect>

			<triggered_effect trigger="onSelfBuffUpdate" action="AddBuff" buff="buffStatusHungry02">
				<requirement name="StatComparePercCurrentToMax" stat="Food" operation="LTE" value=".25"/>
				<requirement name="!HasBuff" buff="buffStatusHungry02"/>
				<requirement name="!HasBuff" buff="buffStatusHungry03"/>
				<requirement name="!HasBuff" buff="buffHealFood"/>
			</triggered_effect>

			<triggered_effect trigger="onSelfBuffUpdate" action="AddBuff" buff="buffStatusHungry03">
				<requirement name="StatComparePercCurrentToMax" stat="Food" operation="LTE" value=".02"/>
				<requirement name="!HasBuff" buff="buffStatusHungry03"/>
				<requirement name="!HasBuff" buff="buffHealFood"/>
			</triggered_effect>

			<triggered_effect trigger="onSelfBuffUpdate" action="AddBuff" buff="buffStatusThirsty01">
				<requirement name="StatComparePercCurrentToMax" stat="Water" operation="LTE" value="0.5"/>
				<requirement name="!HasBuff" buff="buffStatusThirsty01"/>
				<requirement name="!HasBuff" buff="buffStatusThirsty02"/>
				<requirement name="!HasBuff" buff="buffStatusThirsty03"/>
				<requirement name="!HasBuff" buff="buffHealWaterMax"/>
			</triggered_effect>

			<triggered_effect trigger="onSelfBuffUpdate" action="AddBuff" buff="buffStatusThirsty02">
				<requirement name="StatComparePercCurrentToMax" stat="Water" operation="LTE" value="0.25"/>
				<requirement name="!HasBuff" buff="buffStatusThirsty02"/>
				<requirement name="!HasBuff" buff="buffStatusThirsty03"/>
				<requirement name="!HasBuff" buff="buffHealWaterMax"/>
			</triggered_effect>

			<triggered_effect trigger="onSelfBuffUpdate" action="AddBuff" buff="buffStatusThirsty03">
				<requirement name="StatComparePercCurrentToMax" stat="Water" operation="LTE" value="0.02"/>
				<requirement name="!HasBuff" buff="buffStatusThirsty03"/>
				<requirement name="!HasBuff" buff="buffHealWaterMax"/>
			</triggered_effect>

			<triggered_effect trigger="onSelfBuffUpdate" action="AddBuff" buff="buffStatusArmorLow">
				<requirement name="StatCompareCurrent" stat="Armor" operation="LTE" value="0.25"/>
				<requirement name="StatCompareCurrent" stat="Armor" operation="GT" value="0.1"/>
				<requirement name="!HasBuff" buff="buffStatusArmorLow"/>
				<requirement name="!HasBuff" buff="buffStatusArmorHigh"/>
				<requirement name="!HasBuff" buff="buffStatusArmorBroken"/>
			</triggered_effect>

			<triggered_effect trigger="onSelfBuffUpdate" action="AddBuff" buff="buffStatusArmorHigh">
				<requirement name="StatCompareCurrent" stat="Armor" operation="LTE" value="0.10"/>
				<requirement name="StatCompareCurrent" stat="Armor" operation="GT" value="0"/>
				<requirement name="!HasBuff" buff="buffStatusArmorHigh"/>
				<requirement name="!HasBuff" buff="buffStatusArmorBroken"/>
			</triggered_effect>

			<triggered_effect trigger="onSelfBuffUpdate" action="AddBuff" buff="buffStatusArmorBroken">
				<requirement name="StatCompareCurrent" stat="Armor" operation="LTE" value="0.0"/>
				<requirement name="!HasBuff" buff="buffStatusArmorBroken"/>
			</triggered_effect>

			<!-- Being at low health increases the chance of getting hit by a critical effect -->
			<passive_effect name="BuffResistance" operation="base_add" value="-.04" tags="buffFatiguedTrigger,buffArmSprainedCHTrigger,buffLegSprainedCHTrigger,buffLaceration,buffInfectionCatch,buffAbrasionCatch,buffInjuryStunned01CHTrigger,buffInjuryBleedingTwo,buffInjuryBleedingBarbedWire">
				<requirement name="StatComparePercModMaxToMax" stat="Health" operation="LT" value="0.9"/>
			</passive_effect>
			<passive_effect name="BuffResistance" operation="base_add" value="-.04" tags="buffFatiguedTrigger,buffArmSprainedCHTrigger,buffLegSprainedCHTrigger,buffLaceration,buffInfectionCatch,buffAbrasionCatch,buffInjuryStunned01CHTrigger,buffInjuryBleedingTwo,buffInjuryBleedingBarbedWire">
				<requirement name="StatComparePercModMaxToMax" stat="Health" operation="LT" value="0.8"/>
			</passive_effect>
			<passive_effect name="BuffResistance" operation="base_add" value="-.04" tags="buffFatiguedTrigger,buffArmSprainedCHTrigger,buffLegSprainedCHTrigger,buffLaceration,buffInfectionCatch,buffAbrasionCatch,buffInjuryStunned01CHTrigger,buffInjuryBleedingTwo,buffInjuryBleedingBarbedWire">
				<requirement name="StatComparePercModMaxToMax" stat="Health" operation="LT" value="0.7"/>
			</passive_effect>
			<passive_effect name="BuffResistance" operation="base_add" value="-.04" tags="buffFatiguedTrigger,buffArmSprainedCHTrigger,buffLegSprainedCHTrigger,buffLaceration,buffInfectionCatch,buffAbrasionCatch,buffInjuryStunned01CHTrigger,buffInjuryBleedingTwo,buffInjuryBleedingBarbedWire">
				<requirement name="StatComparePercModMaxToMax" stat="Health" operation="LT" value="0.6"/>
			</passive_effect>
			<passive_effect name="BuffResistance" operation="base_add" value="-.04" tags="buffFatiguedTrigger,buffArmSprainedCHTrigger,buffLegSprainedCHTrigger,buffLaceration,buffInfectionCatch,buffAbrasionCatch,buffInjuryStunned01CHTrigger,buffInjuryBleedingTwo,buffInjuryBleedingBarbedWire">
				<requirement name="StatComparePercModMaxToMax" stat="Health" operation="LT" value="0.5"/>
			</passive_effect>
			<passive_effect name="BuffResistance" operation="base_add" value="-.04" tags="buffFatiguedTrigger,buffArmSprainedCHTrigger,buffLegSprainedCHTrigger,buffLaceration,buffInfectionCatch,buffAbrasionCatch,buffInjuryStunned01CHTrigger,buffInjuryBleedingTwo,buffInjuryBleedingBarbedWire">
				<requirement name="StatComparePercModMaxToMax" stat="Health" operation="LT" value="0.4"/>
			</passive_effect>

			<!-- Remove particle effect if not on fire, this is a backup removal for remote clients -->
			<triggered_effect trigger="onSelfBuffUpdate" action="RemoveParticleEffectFromEntity" particle="p_onFire">
				<requirement name="!HasBuff" buff="buffIsOnFire"/>
			</triggered_effect>

			<triggered_effect trigger="onSelfBuffUpdate" action="AttachParticleEffectToEntity" particle="p_onFire" shape_mesh="true">
				<requirement name="HasBuff" buff="buffIsOnFire"/>
			</triggered_effect>

			<!-- One time weather survival buff for newbies -->
			<triggered_effect trigger="onSelfBuffStart" action="AddBuff" buff="buffNewbieCoat"/>

			<!-- One time healing tip -->
			<triggered_effect trigger="onSelfBuffStart" action="ModifyCVar" cvar="$doingHealingWrong" operation="set" value="6"/>

			<!-- Weather Survival HOT -->
			<triggered_effect trigger="onSelfBuffUpdate" action="AddOrRemoveBuff" buff="buffElementHot">
				<requirement name="!HasBuff" buff="god"/>
				<requirement name="CVarCompare" cvar="_coretemp" operation="GT" value="10"/>
				<requirement name="CVarCompare" cvar="_coretemp" operation="LT" value="30"/>
			</triggered_effect>

			<triggered_effect trigger="onSelfBuffUpdate" action="AddOrRemoveBuff" buff="buffElementSweltering">
				<requirement name="!HasBuff" buff="god"/>
				<requirement name="ProgressionLevel" progression_name="perkWellInsulated" operation="LT" value="3"/>
				<requirement name="CVarCompare" cvar="_coretemp" operation="GTE" value="30"/>
			</triggered_effect>

			<!-- Weather Survival COLD -->
			<triggered_effect trigger="onSelfBuffUpdate" action="AddOrRemoveBuff" buff="buffElementCold">
				<requirement name="!HasBuff" buff="god"/>
				<requirement name="CVarCompare" cvar="_coretemp" operation="LT" value="-15"/>
				<requirement name="CVarCompare" cvar="_coretemp" operation="GTE" value="-25"/>
			</triggered_effect>

			<triggered_effect trigger="onSelfBuffUpdate" action="AddOrRemoveBuff" buff="buffElementFreezing">
				<requirement name="!HasBuff" buff="god"/>
				<requirement name="CVarCompare" cvar="_coretemp" operation="LT" value="-25"/>
				<requirement name="CVarCompare" cvar="_coretemp" operation="GTE" value="-35"/>
			</triggered_effect>
			
			<triggered_effect trigger="onSelfBuffUpdate" action="AddOrRemoveBuff" buff="buffElementHypothermia">
				<requirement name="!HasBuff" buff="god"/>
				<requirement name="CVarCompare" cvar="_coretemp" operation="LT" value="-35"/> 
			</triggered_effect>

			<!-- Weather Survival WETNESS -->
			<triggered_effect trigger="onSelfBuffUpdate" action="AddBuff" buff="buffElementWet">
				<requirement name="CVarCompare" cvar="_wetness" operation="GT" value=".15"/>
			</triggered_effect>

			<!-- Biome radiation effects (simplified! We only use "3" for now) -->
			<triggered_effect trigger="onSelfBuffUpdate" action="AddBuff" buff="buffRadiation03">
				<requirement name="!HasBuff" buff="god"/>
				<requirement name="CVarCompare" cvar="_biomeradiation" operation="GT" value="2.5"/>
			</triggered_effect>

			<!-- set max bleeding stacks that a player can apply -->
			<triggered_effect trigger="onSelfBuffUpdate" action="ModifyCVar" cvar="$maxBleedCounter" operation="set" value="2">
				<requirement name="ProgressionLevel" progression_name="perkDeepCuts" operation="Equals" value="0"/></triggered_effect>
			<triggered_effect trigger="onSelfBuffUpdate" action="ModifyCVar" cvar="$maxBleedCounter" operation="set" value="3">
				<requirement name="ProgressionLevel" progression_name="perkDeepCuts" operation="Equals" value="1"/></triggered_effect>
			<triggered_effect trigger="onSelfBuffUpdate" action="ModifyCVar" cvar="$maxBleedCounter" operation="set" value="4">
				<requirement name="ProgressionLevel" progression_name="perkDeepCuts" operation="Equals" value="2"/></triggered_effect>
			<triggered_effect trigger="onSelfBuffUpdate" action="ModifyCVar" cvar="$maxBleedCounter" operation="set" value="5">
				<requirement name="ProgressionLevel" progression_name="perkDeepCuts" operation="Equals" value="3"/></triggered_effect>
			<triggered_effect trigger="onSelfBuffUpdate" action="ModifyCVar" cvar="$maxBleedCounter" operation="set" value="6">
				<requirement name="ProgressionLevel" progression_name="perkDeepCuts" operation="Equals" value="4"/></triggered_effect>
			<triggered_effect trigger="onSelfBuffUpdate" action="ModifyCVar" cvar="$maxBleedCounter" operation="set" value="7">
				<requirement name="ProgressionLevel" progression_name="perkDeepCuts" operation="Equals" value="5"/></triggered_effect>

			<!-- Encumbrance from inventory slots
			This is not tied to the POSITION of the slot you use but the total number of slots used / unlocked. -->
			<triggered_effect trigger="onSelfBuffUpdate" action="AddBuff" buff="buffEncumberedInv">
				<requirement name="CVarCompare" cvar="_encumberedslots" operation="GT" value="0"/>
			</triggered_effect>

			<!-- Reloading -->
			<triggered_effect trigger="onReloadStart" action="AddBuff" buff="buffReloadMovementPenalty">
				<requirement name="HoldingItemHasTags" tags="reloadPenalty"/>
			</triggered_effect>

			<!-- Aiming -->
			<triggered_effect trigger="onSelfAimingGunStart" action="AddBuff" buff="buffHoldBreathAiming01">
				<requirement name="HoldingItemHasTags" tags="holdBreathAiming"/>
			</triggered_effect>

			<!-- Drawing a bow -->
			<triggered_effect trigger="onSelfPrimaryActionStart" action="AddBuff" buff="buffDrawBow01">
				<requirement name="HoldingItemHasTags" tags="bowDrawPenalty"/>
			</triggered_effect>

			<triggered_effect trigger="onSelfPrimaryActionEnd" action="RemoveBuff" buff="buffDrawBow01">
				<requirement name="HoldingItemHasTags" tags="bowDrawPenalty"/>
			</triggered_effect>

			<!-- Initialize perk abilities; buff only works onStack so fire it 2x -->
			<triggered_effect trigger="onSelfBuffStart" action="AddBuff" buff="buffPerkAbilityUpdate"/>
			<triggered_effect trigger="onSelfBuffStart" action="AddBuff" buff="buffPerkAbilityUpdate"/>
			<!-- Update cvar driven perks on buying perk levels -->
			<triggered_effect trigger="onSelfBuffUpdate" action="AddBuff" buff="buffPerkAbilityUpdate"/>

			<!-- Drowning -->
			<triggered_effect trigger="onSelfBuffUpdate" action="AddBuff" buff="buffDrowning01">
				<requirement name="CVarCompare" cvar="_underwater" operation="Equals" value="1"/>
				<requirement name="!HasBuff" buff="buffDrowning01"/>
				<requirement name="!HasBuff" buff="buffDrowning02"/>
				<requirement name="!HasBuff" buff="buffDrowning03"/>
			</triggered_effect>

			<!-- Falling -->
			<triggered_effect trigger="onSelfFallImpact" action="AddBuff" buff="buffPlayerFallingDamage">
				<requirement name="CVarCompare" cvar="_fallSpeed" operation="GTE" value=".08"/> <!-- a bit over 1.5m while walking -->
			</triggered_effect>

			<!-- Crouching -->
			<triggered_effect trigger="onSelfCrouch" action="AddBuff" buff="buffCrouching"/>

			<!-- Tracking leveling / level up -->
			<triggered_effect trigger="onSelfBuffUpdate" action="AddBuff" buff="buffLevelUpTracking">
				<requirement name="PlayerLevel" operation="GT" value="@$LastPlayerLevel"/>
			</triggered_effect>

			<!-- Player HP / stamina per level -->
			<triggered_effect trigger="onSelfBuffUpdate" action="ModifyCVar" cvar="$PlayerLevelBonus" operation="set" value="@$LastPlayerLevel"/>
			<triggered_effect trigger="onSelfBuffUpdate" action="ModifyCVar" cvar="$PlayerLevelBonus" operation="add" value="-1">
				<requirement name="PlayerLevel" operation="LT" value="2"/>
			</triggered_effect>
			<triggered_effect trigger="onSelfBuffUpdate" action="ModifyCVar" cvar="$PlayerLevelBonus" operation="set" value="100">
				<requirement name="PlayerLevel" operation="GT" value="100"/>
			</triggered_effect>

			<passive_effect name="HealthMax" operation="base_add" value="@$PlayerLevelBonus"/>
			<passive_effect name="StaminaMax" operation="base_add" value="@$PlayerLevelBonus"/>
			<passive_effect name="WaterMax" operation="base_add" value="@$PlayerLevelBonus"/>
			<passive_effect name="FoodMax" operation="base_add" value="@$PlayerLevelBonus"/>
		</effect_group>

		<effect_group name="Power Attack Grunt">
			<requirement name="!HoldingItemBroken"/>
			<requirement name="HoldingItemHasTags" tags="grunting"/>
			<requirement name="CVarCompare" cvar="_crouching" operation="Equals" value="0"/>
			<requirement name="RandomRoll" seed_type="Random" min_max="0,100" operation="LTE" value="70"/>

			<triggered_effect trigger="onSelfSecondaryActionStart" action="PlaySound" sound="player#powerattack">
				<requirement name="!HoldingItemHasTags" tags="thrownWeapon"/>
				<requirement name="!HasBuff" buff="buffArmSprained"/>
				<requirement name="!HasBuff" buff="buffArmBroken"/>
			</triggered_effect>

			<triggered_effect trigger="onSelfSecondaryActionEnd" action="PlaySound" sound="player#powerattack">
				<requirement name="HoldingItemHasTags" tags="thrownWeapon"/>
				<requirement name="!HasBuff" buff="buffArmSprained"/>
				<requirement name="!HasBuff" buff="buffArmBroken"/>
			</triggered_effect>

			<triggered_effect trigger="onSelfSecondaryActionStart" action="PlaySound" sound="player#painlg">
				<requirement name="!HoldingItemHasTags" tags="thrownWeapon"/>
				<requirement name="HasBuff" buff="buffArmSprained"/>
				<requirement name="!HasBuff" buff="buffDrugSteroids"/>
			</triggered_effect>
			<triggered_effect trigger="onSelfSecondaryActionStart" action="PlaySound" sound="player#painlg">
				<requirement name="!HoldingItemHasTags" tags="thrownWeapon"/>
				<requirement name="HasBuff" buff="buffArmBroken"/>
				<requirement name="!HasBuff" buff="buffDrugSteroids"/>
			</triggered_effect>

			<triggered_effect trigger="onSelfSecondaryActionEnd" action="PlaySound" sound="player#painlg">
				<requirement name="HoldingItemHasTags" tags="thrownWeapon"/>
				<requirement name="HasBuff" buff="buffArmSprained"/>
				<requirement name="!HasBuff" buff="buffDrugSteroids"/>
			</triggered_effect>
			<triggered_effect trigger="onSelfSecondaryActionEnd" action="PlaySound" sound="player#painlg">
				<requirement name="HoldingItemHasTags" tags="thrownWeapon"/>
				<requirement name="HasBuff" buff="buffArmBroken"/>
				<requirement name="!HasBuff" buff="buffDrugSteroids"/>
			</triggered_effect>

			<triggered_effect trigger="onSelfSecondaryActionStart" action="PlaySound" sound="player#powerattack">
				<requirement name="!HoldingItemHasTags" tags="thrownWeapon"/>
				<requirement name="HasBuff" buff="buffArmSprained"/>
				<requirement name="HasBuff" buff="buffDrugSteroids"/>
			</triggered_effect>
			<triggered_effect trigger="onSelfSecondaryActionStart" action="PlaySound" sound="player#powerattack">
				<requirement name="!HoldingItemHasTags" tags="thrownWeapon"/>
				<requirement name="HasBuff" buff="buffArmBroken"/>
				<requirement name="HasBuff" buff="buffDrugSteroids"/>
			</triggered_effect>

			<triggered_effect trigger="onSelfSecondaryActionEnd" action="PlaySound" sound="player#powerattack">
				<requirement name="HoldingItemHasTags" tags="thrownWeapon"/>
				<requirement name="HasBuff" buff="buffArmSprained"/>
				<requirement name="HasBuff" buff="buffDrugSteroids"/>
			</triggered_effect>
			<triggered_effect trigger="onSelfSecondaryActionEnd" action="PlaySound" sound="player#powerattack">
				<requirement name="HoldingItemHasTags" tags="thrownWeapon"/>
				<requirement name="HasBuff" buff="buffArmBroken"/>
				<requirement name="HasBuff" buff="buffDrugSteroids"/>
			</triggered_effect>
		</effect_group>

		<effect_group name="Pain Sound">
			<triggered_effect trigger="onOtherDamagedSelf" action="PlaySound" sound="player#painlg">
				<requirement name="StatComparePercCurrentToMax" operation="LTE" value="0.5"/>
			</triggered_effect>
			<triggered_effect trigger="onOtherDamagedSelf" action="PlaySound" sound="player#painsm">
				<requirement name="StatComparePercCurrentToMax" operation="GT" value="0.5"/>
			</triggered_effect>
		</effect_group>
	</set>
	
	<remove xpath="/buffs/buff[@name='buffElementFreezing']"/>	
	
	<set xpath="/buffs/buff[@name='buffCampfireAOE']">
		<stack_type value="ignore"/>
		<duration value=".1"/>

		<!-- without the 2nd buff the buff display will flicker -->
		<effect_group>
			<triggered_effect trigger="onSelfBuffStart" action="AddBuff" buff="buffCampfireAOEEffect">
				<requirement name="WornItems" tags="insulating" operation="LT" value="1"/>
			</triggered_effect>
			<triggered_effect trigger="onSelfBuffStart" action="AddBuff" buff="buffCampfireAOEEffect1">
				<requirement name="WornItems" tags="insulating" operation="Equals" value="1"/>
			</triggered_effect>
			<triggered_effect trigger="onSelfBuffStart" action="AddBuff" buff="buffCampfireAOEEffect2">
				<requirement name="WornItems" tags="insulating" operation="Equals" value="2"/>
			</triggered_effect>
			<triggered_effect trigger="onSelfBuffStart" action="AddBuff" buff="buffCampfireAOEEffect3">
				<requirement name="WornItems" tags="insulating" operation="Equals" value="3"/>
			</triggered_effect>
			<triggered_effect trigger="onSelfBuffStart" action="AddBuff" buff="buffCampfireAOEEffect4">
				<requirement name="WornItems" tags="insulating" operation="Equals" value="4"/>
			</triggered_effect>
			<triggered_effect trigger="onSelfBuffStart" action="AddBuff" buff="buffCampfireAOEEffect5">
				<requirement name="WornItems" tags="insulating" operation="Equals" value="5"/>
			</triggered_effect>
		</effect_group>
	</set>
	
	<set xpath="/buffs/buff[@name='buffCampfireAOEEffect']">
		<stack_type value="replace"/>
		<duration value="60"/>

		<effect_group>
			<passive_effect name="HypothermalResist" operation="base_add" value="15"/>
		</effect_group>
	</set>
	
	<insertAfter xpath="/buffs/buff[@name='buffCampfireAOEEffect']">
		<buff name="buffCampfireAOEEffect1" name_key="buffCampfireAOEEffectName" description_key="buffCampfireAOEEffectDesc" icon="ui_game_symbol_campfire">
			<stack_type value="replace"/>
			<duration value="120"/>

			<effect_group>
				<passive_effect name="HypothermalResist" operation="base_add" value="15"/>
			</effect_group>
		</buff>
		
		<buff name="buffCampfireAOEEffect2" name_key="buffCampfireAOEEffectName" description_key="buffCampfireAOEEffectDesc" icon="ui_game_symbol_campfire">
			<stack_type value="replace"/>
			<duration value="180"/>

			<effect_group>
				<passive_effect name="HypothermalResist" operation="base_add" value="15"/>
			</effect_group>
		</buff>
		
		<buff name="buffCampfireAOEEffect3" name_key="buffCampfireAOEEffectName" description_key="buffCampfireAOEEffectDesc" icon="ui_game_symbol_campfire">
			<stack_type value="replace"/>
			<duration value="240"/>

			<effect_group>
				<passive_effect name="HypothermalResist" operation="base_add" value="15"/>
			</effect_group>
		</buff>
		
		<buff name="buffCampfireAOEEffect4" name_key="buffCampfireAOEEffectName" description_key="buffCampfireAOEEffectDesc" icon="ui_game_symbol_campfire">
			<stack_type value="replace"/>
			<duration value="300"/>

			<effect_group>
				<passive_effect name="HypothermalResist" operation="base_add" value="15"/>
			</effect_group>
		</buff>
		
		<buff name="buffCampfireAOEEffect5" name_key="buffCampfireAOEEffectName" description_key="buffCampfireAOEEffectDesc" icon="ui_game_symbol_campfire">
			<stack_type value="replace"/>
			<duration value="360"/>

			<effect_group>
				<passive_effect name="HypothermalResist" operation="base_add" value="15"/>
			</effect_group>
		</buff>
	</insertAfter>
	
	<append xpath="/buffs">
		<buff name="buffElementFreezing" name_key="buffElementFreezingName" description_key="buffElementFreezingDesc" tooltip_key="buffElementFreezingTooltip" icon="ui_game_symbol_cold" icon_color="255,64,0" icon_blink="true">
			<damage_type value="cold"/>
			<stack_type value="ignore"/>
			<effect_group>
				<passive_effect name="BuffBlink" operation="base_set" value="2" duration="0,3" tags="buffElementFreezing"/>

				<triggered_effect trigger="onSelfBuffStart" action="RemoveBuff" buff="buffElementCold"/>

				<passive_effect name="FoodChangeOT" operation="perc_add" value=".6"/>
				<passive_effect name="FoodChangeOT" operation="perc_add" value=".09">
					<requirement name="ProgressionLevel" progression_name="perkWellInsulated" operation="Equals" value="1"/></passive_effect>
				<passive_effect name="FoodChangeOT" operation="perc_add" value=".18">
					<requirement name="ProgressionLevel" progression_name="perkWellInsulated" operation="GTE" value="2"/></passive_effect>

				<passive_effect name="FoodLossPerStaminaPointGained" operation="perc_add" value="-.2"/>
				<passive_effect name="FoodLossPerStaminaPointGained" operation="perc_add" value="-.3">
					<requirement name="ProgressionLevel" progression_name="perkWellInsulated" operation="Equals" value="1"/></passive_effect>
				<passive_effect name="FoodLossPerStaminaPointGained" operation="perc_add" value="-.6">
					<requirement name="ProgressionLevel" progression_name="perkWellInsulated" operation="GTE" value="2"/></passive_effect>
					
				<passive_effect name="StaminaChangeOT" operation="perc_add" value="-.6"/>
				<passive_effect name="StaminaChangeOT" operation="perc_add" value="-.09">
					<requirement name="ProgressionLevel" progression_name="perkWellInsulated" operation="Equals" value="1"/></passive_effect>
				<passive_effect name="StaminaChangeOT" operation="perc_add" value="-.18">
					<requirement name="ProgressionLevel" progression_name="perkWellInsulated" operation="GTE" value="2"/></passive_effect>
					
				<passive_effect name="Mobility" operation="perc_subtract" value="0.2"/>

				<triggered_effect trigger="onSelfBuffStart" action="ModifyScreenEffect" intensity="1" fade="3" effect_name="Cold2"/>
				<triggered_effect trigger="onSelfBuffRemove" action="ModifyScreenEffect" intensity="0" fade="3" effect_name="Cold2"/>
			</effect_group>
		</buff>
		
		<buff name="buffElementHypothermia" name_key="buffElementHypothermiaName" description_key="buffElementHypothermiaDesc" tooltip_key="buffElementHypothermiaTooltip" icon="ui_game_symbol_cold" icon_color="255,0,0" icon_blink="true">
			<damage_type value="cold"/>
			<stack_type value="ignore"/>
			<update_rate value="10" />
			<effect_group>
				<passive_effect name="BuffBlink" operation="base_set" value="2" duration="0,3" tags="buffElementHypothermia"/>

				<triggered_effect trigger="onSelfBuffStart" action="RemoveBuff" buff="buffElementFreezing"/>

				<passive_effect name="FoodChangeOT" operation="perc_add" value=".6"/>
				<passive_effect name="FoodChangeOT" operation="perc_add" value=".09">
					<requirement name="ProgressionLevel" progression_name="perkWellInsulated" operation="Equals" value="1"/></passive_effect>
				<passive_effect name="FoodChangeOT" operation="perc_add" value=".18">
					<requirement name="ProgressionLevel" progression_name="perkWellInsulated" operation="GTE" value="2"/></passive_effect>

				<passive_effect name="FoodLossPerStaminaPointGained" operation="perc_add" value=".2"/>
				<passive_effect name="FoodLossPerStaminaPointGained" operation="perc_add" value=".3">
					<requirement name="ProgressionLevel" progression_name="perkWellInsulated" operation="Equals" value="1"/></passive_effect>
				<passive_effect name="FoodLossPerStaminaPointGained" operation="perc_add" value=".6">
					<requirement name="ProgressionLevel" progression_name="perkWellInsulated" operation="GTE" value="2"/></passive_effect>
					
				<passive_effect name="StaminaChangeOT" operation="perc_add" value="-.6"/>
				<passive_effect name="StaminaChangeOT" operation="perc_add" value="-.09">
					<requirement name="ProgressionLevel" progression_name="perkWellInsulated" operation="Equals" value="1"/></passive_effect>
				<passive_effect name="StaminaChangeOT" operation="perc_add" value="-.18">
					<requirement name="ProgressionLevel" progression_name="perkWellInsulated" operation="GTE" value="2"/></passive_effect>
					
				<passive_effect name="Mobility" operation="perc_subtract" value="0.4"/>
				
				<triggered_effect trigger="onSelfBuffUpdate" action="ModifyStats" stat="Health" operation="subtract" value="1"/>

				<triggered_effect trigger="onSelfBuffStart" action="ModifyScreenEffect" intensity="1" fade="3" effect_name="Cold2"/>
				<triggered_effect trigger="onSelfBuffRemove" action="ModifyScreenEffect" intensity="0" fade="3" effect_name="Cold2"/>
			</effect_group>
		</buff>
	</append>
</configs>