<configs>
	<insertAfter xpath="/items/item[@name='apparelSkiGoggles']/property[@name='Extends']">
		<property name="Tags" value="head,clothing,canHaveCosmetic,noMods,insulating"/>
	</insertAfter>
	<append xpath="/items/item[@name='apparelBandana']/property[@name='Tags']/@value">,insulating</append>
	<append xpath="/items/item[@name='apparelDenimPants']/property[@name='Tags']/@value">,insulating</append>
	<append xpath="/items/item[@name='apparelGothPants']/property[@name='Tags']/@value">,insulating</append>
	<append xpath="/items/item[@name='apparelLongShirt']/property[@name='Tags']/@value">,insulating</append>
	<append xpath="/items/item[@name='apparelSweatshirt']/property[@name='Tags']/@value">,insulating</append>
	<append xpath="/items/item[@name='apparelHoodySweatshirt']/property[@name='Tags']/@value">,insulating</append>
	<append xpath="/items/item[@name='apparelCoatLeatherDuster']/property[@name='Tags']/@value">,insulating</append>
	<append xpath="/items/item[@name='apparelCoatPufferCoat']/property[@name='Tags']/@value">,insulating</append>
</configs>
